,Wvl
0,400.0
1,403.0150753768844
2,406.03015075376885
3,409.04522613065325
4,412.0603015075377
5,415.0753768844221
6,418.09045226130655
7,421.10552763819095
8,424.1206030150754
9,427.1356783919598
10,430.1507537688442
11,433.16582914572865
12,436.18090452261305
13,439.1959798994975
14,442.2110552763819
15,445.22613065326635
16,448.24120603015075
17,451.2562814070352
18,454.2713567839196
19,457.286432160804
20,460.30150753768845
21,463.31658291457285
22,466.3316582914573
23,469.3467336683417
24,472.36180904522615
25,475.37688442211055
26,478.391959798995
27,481.4070351758794
28,484.4221105527638
29,487.43718592964825
30,490.45226130653265
31,493.4673366834171
32,496.4824120603015
33,499.49748743718595
34,502.51256281407035
35,505.5276381909548
36,508.5427135678392
37,511.5577889447236
38,514.572864321608
39,517.5879396984925
40,520.6030150753769
41,523.6180904522613
42,526.6331658291457
43,529.6482412060302
44,532.6633165829146
45,535.678391959799
46,538.6934673366834
47,541.7085427135678
48,544.7236180904523
49,547.7386934673367
50,550.7537688442211
51,553.7688442211055
52,556.78391959799
53,559.7989949748744
54,562.8140703517588
55,565.8291457286432
56,568.8442211055276
57,571.8592964824121
58,574.8743718592965
59,577.8894472361809
60,580.9045226130653
61,583.9195979899498
62,586.9346733668342
63,589.9497487437186
64,592.964824120603
65,595.9798994974874
66,598.9949748743719
67,602.0100502512563
68,605.0251256281407
69,608.0402010050251
70,611.0552763819096
71,614.070351758794
72,617.0854271356784
73,620.1005025125628
74,623.1155778894472
75,626.1306532663317
76,629.1457286432161
77,632.1608040201005
78,635.1758793969849
79,638.1909547738694
80,641.2060301507538
81,644.2211055276382
82,647.2361809045226
83,650.251256281407
84,653.2663316582915
85,656.2814070351759
86,659.2964824120603
87,662.3115577889448
88,665.3266331658292
89,668.3417085427136
90,671.356783919598
91,674.3718592964824
92,677.3869346733668
93,680.4020100502512
94,683.4170854271357
95,686.4321608040201
96,689.4472361809046
97,692.462311557789
98,695.4773869346734
99,698.4924623115578
100,701.5075376884422
101,704.5226130653266
102,707.537688442211
103,710.5527638190955
104,713.5678391959799
105,716.5829145728644
106,719.5979899497488
107,722.6130653266332
108,725.6281407035176
109,728.643216080402
110,731.6582914572864
111,734.6733668341708
112,737.6884422110553
113,740.7035175879397
114,743.7185929648242
115,746.7336683417086
116,749.748743718593
117,752.7638190954774
118,755.7788944723618
119,758.7939698492462
120,761.8090452261306
121,764.8241206030151
122,767.8391959798995
123,770.854271356784
124,773.8693467336684
125,776.8844221105528
126,779.8994974874372
127,782.9145728643216
128,785.929648241206
129,788.9447236180904
130,791.9597989949749
131,794.9748743718593
132,797.9899497487438
133,801.0050251256282
134,804.0201005025126
135,807.035175879397
136,810.0502512562814
137,813.0653266331658
138,816.0804020100502
139,819.0954773869347
140,822.1105527638191
141,825.1256281407036
142,828.140703517588
143,831.1557788944724
144,834.1708542713568
145,837.1859296482412
146,840.2010050251256
147,843.21608040201
148,846.2311557788945
149,849.2462311557789
150,852.2613065326634
151,855.2763819095478
152,858.2914572864322
153,861.3065326633166
154,864.321608040201
155,867.3366834170854
156,870.3517587939698
157,873.3668341708543
158,876.3819095477387
159,879.3969849246232
160,882.4120603015076
161,885.427135678392
162,888.4422110552764
163,891.4572864321608
164,894.4723618090452
165,897.4874371859296
166,900.5025125628141
167,903.5175879396985
168,906.532663316583
169,909.5477386934674
170,912.5628140703518
171,915.5778894472362
172,918.5929648241206
173,921.6080402010051
174,924.6231155778895
175,927.6381909547739
176,930.6532663316583
177,933.6683417085427
178,936.6834170854272
179,939.6984924623116
180,942.713567839196
181,945.7286432160804
182,948.7437185929649
183,951.7587939698493
184,954.7738693467337
185,957.7889447236181
186,960.8040201005025
187,963.819095477387
188,966.8341708542714
189,969.8492462311558
190,972.8643216080402
191,975.8793969849247
192,978.8944723618091
193,981.9095477386935
194,984.9246231155779
195,987.9396984924623
196,990.9547738693468
197,993.9698492462312
198,996.9849246231156
199,1000.0
